Lot_Area,Central_Air,SalePrice,Sq_ft,Has_Garage,Large_Lot,Finished_Basement
13517,1,130500,2204.0,1,1,1
11492,1,220000,3035.0,1,0,1
7922,1,109000,2114.0,1,0,1
9802,1,174000,1828.0,1,0,0
14235,1,138500,2121.0,1,1,0
16492,1,190000,3405.0,1,1,1
3675,1,140000,1619.0,1,0,1
12160,1,142000,2376.0,1,1,1
15783,1,112500,1848.0,1,1,1
11606,1,135000,3120.0,1,0,1
1680,1,85400,1470.0,1,0,1
7488,1,183600,2416.0,1,0,1
26400,1,131000,2016.0,1,1,0
2645,1,200000,2567.0,1,0,1
9627,1,193000,2712.0,1,0,1
10114,1,173500,2860.0,1,0,0
4571,0,98000,1968.0,1,0,0
8816,1,139000,2242.0,1,0,1
8197,1,143500,1945.0,1,0,0
8640,1,215200,2303.0,1,0,1
8724,1,129000,1788.0,1,0,1
5664,1,278000,3160.0,1,0,1
12867,1,344133,3462.0,1,1,0
7980,1,185000,2355.0,1,0,1
34650,0,145000,2112.0,1,1,1
10573,1,187500,2906.0,1,0,1
8450,1,138500,1788.0,1,0,1
11700,1,198000,2880.0,1,0,1
8250,0,119600,2948.0,0,0,0
8064,1,122900,1596.0,1,0,0
9600,1,278000,5048.0,1,0,1
11435,1,230000,2309.0,1,0,0
9549,1,270000,2988.0,1,0,1
10950,1,125000,1896.0,1,0,1
10637,1,297000,3423.0,1,0,1
9000,1,113500,1302.0,1,0,0
2665,1,127000,2232.0,1,0,1
11751,1,190000,3688.0,1,0,1
9600,1,175500,2484.0,1,0,1
8428,1,146000,1980.0,1,0,1
9937,1,147500,2512.0,1,0,1
13891,1,465000,4152.0,1,1,1
9101,1,165500,2207.0,1,0,1
12150,0,131500,2845.0,1,1,0
11200,1,129500,2080.0,1,0,1
9670,1,257076,2481.0,1,0,1
10998,1,117000,2588.0,1,0,1
7200,1,149000,2278.0,1,0,0
9920,1,128000,2119.0,1,0,1
2448,1,155000,2390.0,1,0,0
2998,1,166000,2280.0,1,0,1
7804,1,135000,3103.0,1,0,1
16692,1,250000,4176.0,1,1,1
1476,1,76000,1638.0,0,0,1
10170,1,155000,1791.0,1,0,0
9364,1,158000,2015.0,1,0,1
2544,1,149500,1800.0,1,0,1
9888,1,121000,1872.0,1,0,1
7942,1,136000,2080.0,1,0,1
15038,1,173000,2552.0,1,1,1
11764,1,290000,3422.0,1,0,1
9000,1,303477,3794.0,1,0,1
20062,1,270000,2903.0,1,1,1
7308,0,122250,2676.0,1,0,1
8750,1,153000,2764.0,1,0,1
8402,1,147000,2240.0,0,0,1
4000,1,148500,1629.0,1,0,1
3363,1,130000,2684.0,1,0,0
13615,1,372000,3604.0,1,1,0
3013,1,213490,2868.0,1,0,1
17485,1,308030,3016.0,1,1,1
23730,1,300000,3872.0,1,1,1
8910,1,159500,1849.0,1,0,1
2522,1,137500,2679.0,1,0,0
8688,1,232000,3232.0,1,0,0
6291,1,93850,1536.0,1,0,0
17529,0,105000,1744.0,1,1,0
6324,0,68500,1040.0,1,0,0
11600,1,154300,3379.0,1,0,1
7288,1,129850,2537.0,0,0,0
4571,1,114000,1848.0,1,0,1
17423,1,501837,4450.0,1,1,1
12665,1,153900,2292.0,1,1,0
9000,1,130000,1728.0,1,0,1
4500,1,160500,2378.0,1,0,1
6373,1,310090,3332.0,1,0,1
10083,1,184900,2376.0,1,0,1
13300,1,132000,1856.0,1,1,1
9600,1,163000,2624.0,1,0,1
3215,1,155000,1800.0,1,0,1
11104,1,183000,2854.0,1,0,1
15295,1,211000,2852.0,1,1,1
9109,1,184000,2294.0,1,0,1
7018,1,118858,1535.0,1,0,0
14112,1,180500,2304.0,1,1,1
3523,1,166000,2292.0,1,0,1
15312,1,148000,2276.0,1,1,1
7450,1,124000,1968.0,1,0,1
7313,1,277500,3122.0,1,0,1
10019,1,350000,4068.0,1,0,1
15401,1,387000,3768.0,1,1,1
9098,1,86000,1133.0,0,0,1
16280,1,290000,3097.0,1,1,1
9392,0,44000,1042.0,0,0,0
12209,1,215000,2765.0,1,1,1
13110,1,146500,2346.0,1,1,1
2651,1,165000,2055.0,1,0,1
8520,0,136000,3240.0,1,0,1
39384,1,252000,3095.0,1,1,1
2628,1,175500,2390.0,1,0,0
6406,1,150000,2248.0,1,0,1
12342,1,139900,2400.0,1,1,0
6240,1,162900,2651.0,1,0,0
10000,1,160000,2232.0,1,0,0
9000,0,63900,660.0,0,0,0
11088,1,184000,2847.0,1,0,1
17755,1,149900,2932.0,1,1,1
4765,1,300000,3252.0,1,0,1
10532,1,145000,2709.0,1,0,1
15426,1,231500,2692.0,1,1,1
13907,1,108000,1992.0,0,1,1
8750,1,120000,2404.0,1,0,1
9945,1,128500,1976.0,1,0,1
8960,1,115000,2036.0,1,0,0
3500,1,110000,2004.0,1,0,1
24572,1,150000,3938.0,1,1,1
9056,1,178000,2121.0,1,0,0
12320,1,199500,2246.0,1,1,0
8238,1,183500,2338.0,1,0,1
6000,1,126000,2280.0,1,0,1
2529,1,148500,2110.0,1,0,1
10800,1,149000,2028.0,1,0,0
2349,1,137900,2311.0,1,0,1
10846,1,324000,3438.0,1,0,1
5604,0,98000,1728.0,0,0,1
1680,1,103400,1470.0,1,0,1
6342,0,94000,1800.0,0,0,0
4590,1,209500,3108.0,1,0,1
18062,1,545224,4918.0,1,1,0
12900,1,159900,2340.0,0,1,0
19138,1,141000,1728.0,1,1,1
8658,1,215000,2871.0,1,0,1
6897,1,127000,2080.0,1,0,1
9525,1,128000,2344.0,1,0,1
12853,1,267916,3060.0,1,1,1
6240,1,127500,2251.0,1,0,1
7301,1,198500,1922.0,1,0,0
12090,1,175500,2844.0,1,1,1
8826,1,217500,2827.0,1,0,1
8094,1,149500,2850.0,1,0,0
10710,1,148800,1984.0,1,0,1
16056,1,556581,4860.0,1,1,1
8400,1,156500,2956.0,1,0,1
11250,1,237000,2925.0,1,0,1
7535,1,120000,1824.0,1,0,1
12216,1,203000,2652.0,1,1,1
3701,1,130000,2395.0,1,0,0
9760,1,167900,2391.0,1,0,1
9873,0,129000,1920.0,1,0,1
10011,1,134450,2306.0,1,0,1
25339,1,112000,2232.0,1,1,0
8883,1,207000,2802.0,1,0,1
3000,0,62500,3168.0,0,0,0
2448,1,154000,2390.0,1,0,1
7100,1,129900,1632.0,1,0,1
2592,1,85000,1648.0,1,0,1
5700,1,116900,1683.0,1,0,0
2289,1,148500,2296.0,1,0,1
12180,0,80000,1596.0,1,1,1
7400,1,152000,2186.0,1,0,1
8842,1,155891,1373.0,1,0,0
8850,1,165000,2144.0,1,0,0
9215,1,204500,2436.0,1,0,0
9480,1,146500,2372.0,1,0,1
11880,1,157000,2872.0,1,0,1
10800,1,184000,3808.0,1,0,0
7861,1,183200,2292.0,1,0,1
11616,1,139000,2184.0,1,0,1
10542,1,341000,3729.0,1,0,1
1680,1,96000,1470.0,1,0,1
8546,1,140000,2242.0,1,0,0
7407,1,149700,2148.0,1,0,1
10140,1,153500,2130.0,1,0,1
14584,0,13100,733.0,1,1,0
8158,1,224900,2652.0,1,0,1
7500,1,176000,2523.0,1,0,0
10678,1,285000,4555.0,1,0,1
15256,1,282922,2949.0,1,1,1
14200,1,226000,3081.0,1,1,1
12438,1,361919,3810.0,1,1,0
16023,1,457347,4196.0,1,1,1
20064,1,279000,2709.0,1,1,1
9819,1,196000,3134.0,1,0,1
10400,1,152000,2460.0,1,0,0
11643,1,200000,3882.0,1,0,1
11645,1,294900,3160.0,1,0,1
7328,1,224243,2900.0,1,0,0
7822,1,92000,2170.0,1,0,0
9018,1,179540,2184.0,1,0,0
13472,1,386250,4784.0,1,1,1
1533,1,106500,1522.0,1,0,1
11003,1,310000,3024.0,1,0,1
10790,1,252000,3451.0,1,0,0
7128,1,164000,2564.0,1,0,1
7713,1,177594,2184.0,1,0,0
6240,1,123900,1568.0,1,0,1
22420,0,239000,3994.0,1,1,1
15300,1,169000,2332.0,1,1,1
3196,1,234000,2931.0,1,0,0
9360,1,173000,2244.0,1,0,1
11241,1,149000,2008.0,1,0,1
9260,1,170000,2324.0,1,0,0
7993,1,225000,2872.0,1,0,0
9239,1,144900,1920.0,1,0,1
10044,1,144000,2392.0,1,0,1
3182,1,192000,2525.0,1,0,1
7626,1,145500,2062.0,1,0,1
7008,1,86900,1168.0,1,0,0
12160,1,149500,3010.0,1,1,1
6305,1,119750,1874.0,1,0,0
8846,1,173900,2250.0,1,0,0
10659,1,136500,2100.0,1,0,1
13108,1,270000,4749.0,1,1,0
13500,1,235000,2854.0,1,1,1
7750,1,156000,1814.0,1,0,0
12450,1,153000,2228.0,1,1,1
4500,1,165000,2448.0,1,0,1
11198,1,325000,3626.0,1,0,0
6221,1,140000,2083.0,1,0,1
13200,1,202500,3035.0,1,1,1
8769,1,367294,3404.0,1,0,1
10200,1,175000,2970.0,1,0,1
9550,1,140000,2473.0,1,0,1
10331,1,174000,2505.0,1,0,1
9587,1,190000,2022.0,1,0,1
9900,1,129000,1968.0,0,0,0
22002,1,200000,3244.0,1,1,1
13000,1,193500,3038.0,1,1,1
8250,1,145000,2184.0,1,0,1
8170,1,218000,2693.0,1,0,1
12048,1,135000,1488.0,1,1,0
10858,1,146500,3068.0,1,0,1
7577,1,194700,2724.0,1,0,1
7500,1,230348,2436.0,1,0,1
6120,1,109500,2192.0,1,0,1
23580,1,242500,3250.0,1,1,1
5306,1,239000,2831.0,1,0,1
8092,1,156000,2100.0,1,0,1
8593,1,109008,1814.0,1,0,1
11067,1,68104,640.0,1,0,0
11929,1,290000,3743.0,1,0,0
9900,1,159000,2418.0,1,0,1
4882,1,87000,1254.0,1,0,1
11423,1,272000,3182.0,1,0,1
8772,1,198000,2672.0,1,0,1
7628,1,119164,2457.0,1,0,0
8335,1,93000,1124.0,0,0,0
8220,1,226750,2874.0,1,0,1
10615,1,95000,2677.0,1,0,1
6000,1,139900,2196.0,1,0,1
5350,1,76500,2034.0,0,0,0
5400,1,86900,1344.0,1,0,0
17979,1,152500,2273.0,1,1,1
9520,1,99000,1841.0,1,0,1
5330,1,82500,1128.0,0,0,1
8012,1,179200,3150.0,1,0,1
9000,1,142500,2118.0,1,0,1
14299,1,115400,2010.0,1,1,1
7050,1,226000,2986.0,1,0,1
3180,1,144152,1720.0,1,0,0
16451,1,370000,4455.0,1,1,0
12887,1,149900,1666.0,1,1,1
15578,1,172785,2184.0,1,1,0
7200,1,129000,1728.0,1,0,1
17043,1,181000,2948.0,1,1,0
10000,1,148000,2428.0,1,0,1
8050,1,117250,1828.0,0,0,1
3182,1,192500,2928.0,1,0,1
1950,1,151000,2272.0,1,0,1
7700,1,112500,1764.0,1,0,1
8731,1,144000,2082.0,1,0,1
8232,1,370967,3600.0,1,0,1
2280,1,149900,2311.0,1,0,1
8935,1,195000,2491.0,1,0,0
9125,1,163900,1866.0,1,0,0
11075,1,182000,2712.0,1,0,1
13438,1,410000,4226.0,1,1,1
11070,1,152000,3177.0,1,0,1
7800,1,184000,2577.0,1,0,0
7060,1,206300,2688.0,1,0,1
11836,1,146500,3304.0,1,0,1
8382,1,108000,2169.0,1,0,0
10192,1,170000,2490.0,1,0,0
4426,1,145000,1696.0,1,0,1
2280,1,123000,2112.0,1,0,1
2887,1,173000,2582.0,1,0,1
8520,1,105900,1344.0,1,0,0
1596,1,91000,1450.0,1,0,1
15600,0,158000,2590.0,1,1,1
9313,1,190000,2592.0,1,0,0
11064,1,217500,2469.0,1,0,1
9000,1,165500,3106.0,1,0,1
12000,1,174500,2268.0,1,0,1
7692,1,100000,1620.0,1,0,0
14267,1,172000,2658.0,1,1,1
9675,1,120000,1743.0,1,0,1
8400,1,82000,1562.0,1,0,0
7500,1,127000,2096.0,1,0,0
9600,0,129500,2793.0,1,0,1
5814,1,187500,2580.0,1,0,1
14860,1,300000,3564.0,1,1,1
14803,1,190000,2818.0,1,1,1
7550,0,96000,2313.0,1,0,0
8125,1,241000,2642.0,1,0,1
13673,1,143900,2836.0,1,1,0
1533,1,87550,1638.0,1,0,1
7658,1,319900,3504.0,1,0,1
12292,1,356383,3567.0,1,1,1
11923,1,239000,3600.0,1,0,0
10010,1,287500,3277.0,1,0,1
12358,1,128500,1574.0,1,1,1
8577,1,185088,2580.0,1,0,0
8640,1,229800,2804.0,1,0,0
10447,1,124500,1751.0,1,0,1
9600,1,142000,2102.0,1,0,1
4899,1,149000,2265.0,1,0,1
9246,1,135000,3312.0,1,0,0
4928,1,128000,2036.0,1,0,1
12692,1,430000,6428.0,1,1,1
7476,1,145000,2080.0,1,0,1
5362,1,139000,1911.0,1,0,0
12090,1,178000,2453.0,1,1,0
12539,1,460000,4410.0,1,1,1
11888,0,214500,2978.0,1,0,0
7082,1,160000,2614.0,0,0,0
8755,1,214000,3052.0,1,0,1
4080,1,128900,2279.0,1,0,0
32463,1,168000,2871.0,1,1,1
12217,1,310013,2835.0,1,1,1
3696,1,170000,2162.0,1,0,0
7560,1,133700,2080.0,1,0,1
10592,1,165000,2104.0,1,0,0
1680,1,89500,1470.0,1,0,1
10382,1,140000,1683.0,1,0,1
2522,1,134000,2679.0,1,0,0
9370,1,248500,2567.0,1,0,1
10246,1,145000,1608.0,1,0,1
11475,1,179900,2265.0,1,0,1
9986,1,147000,3590.0,1,0,0
10475,1,136000,1898.0,1,0,1
6000,1,128000,1768.0,1,0,1
4280,1,88750,1264.0,1,0,0
10895,1,122500,1944.0,1,0,1
17503,1,97500,2370.0,1,1,0
9723,1,135000,2016.0,1,0,0
11694,1,314813,3650.0,1,0,1
8470,0,85000,2026.0,0,0,0
6000,1,134900,1874.0,1,0,0
10519,1,137000,2114.0,1,0,0
10437,1,350000,4222.0,1,0,1
7514,1,145000,2330.0,1,0,1
13654,1,418000,4462.0,1,1,0
5747,1,64000,1638.0,1,0,0
4500,1,159434,2313.0,1,0,1
11830,1,260261,3084.0,1,0,1
8520,1,166000,2295.0,1,0,1
6760,1,130000,1832.0,1,0,1
6191,0,112000,2112.0,1,0,1
8700,1,155000,2248.0,1,0,1
12003,1,269500,2742.0,1,1,0
12700,1,172000,2492.0,1,1,1
13125,1,219500,2540.0,1,1,1
8638,1,133500,1850.0,1,0,1
9967,1,170000,1814.0,1,0,0
9600,0,150000,2496.0,1,0,0
12774,0,130000,1934.0,1,1,1
8163,1,143000,2288.0,1,0,1
9900,1,140000,2228.0,1,0,0
13651,1,244000,4446.0,1,1,1
7200,0,101000,1641.0,1,0,0
9750,1,125000,1920.0,1,0,0
11184,1,183000,2565.0,1,0,0
5520,1,104000,2613.0,0,0,0
6390,1,112500,1920.0,1,0,0
10240,1,207500,3372.0,1,0,1
9316,1,225000,3228.0,1,0,1
7200,1,119900,1728.0,1,0,1
12228,1,293000,3461.0,1,1,0
10335,1,180000,3182.0,1,0,1
12328,1,169900,2046.0,1,1,1
8930,1,112000,1902.0,1,0,0
9672,1,152000,2137.0,1,0,1
13975,1,300000,3296.0,1,1,0
7819,1,107000,2146.0,1,0,1
11340,1,122500,3067.0,1,0,0
1680,1,89000,1431.0,1,0,1
6001,0,95000,1519.0,1,0,1
11700,1,143450,2064.0,1,0,0
12858,1,376162,3924.0,1,1,0
9300,1,167500,2532.0,1,0,1
7018,1,153337,2310.0,1,0,1
6629,0,103600,2041.0,1,0,1
10650,1,128200,1788.0,1,0,1
2117,1,177500,2329.0,1,0,1
13650,1,320000,3921.0,1,1,1
8433,1,190000,2308.0,1,0,1
1680,1,91500,1890.0,0,0,0
6000,1,93000,2198.0,1,0,0
8500,0,40000,1966.0,1,0,0
6882,1,127000,2039.0,0,0,0
8712,1,50138,1708.0,1,0,0
7917,1,148000,2256.0,1,0,1
6900,1,120500,1518.0,1,0,1
9900,1,139500,2267.0,1,0,0
13286,1,320000,3396.0,1,1,1
12888,1,219000,3272.0,1,1,1
8885,1,131000,1766.0,1,0,1
8857,1,171925,2233.0,1,0,0
14137,1,177900,2732.0,1,1,1
6720,0,141500,2021.0,1,0,0
7500,1,191000,2588.0,1,0,1
13072,1,158000,2316.0,1,1,1
10656,1,248900,3284.0,1,0,0
7200,1,175000,2499.0,1,0,1
8800,1,185900,2752.0,1,0,1
10800,0,163000,2648.0,1,0,1
9000,0,115000,2056.0,0,0,0
13014,1,157500,2104.0,1,1,1
15896,1,245000,3489.0,1,1,1
5395,1,180000,2674.0,1,0,1
5105,1,148800,1653.0,1,0,1
9473,1,237000,3159.0,1,0,1
8400,0,60000,728.0,1,0,1
12102,1,165000,1489.0,1,1,1
10905,1,240000,3456.0,1,0,0
9556,1,160000,2355.0,1,0,0
6430,0,128000,2120.0,1,0,1
6040,0,82000,1152.0,0,0,0
14695,1,256000,3129.0,1,1,1
9000,1,143000,2132.0,1,0,1
8368,1,231713,3378.0,1,0,0
41600,1,155000,2524.0,1,1,1
6490,1,128500,1632.0,1,0,1
7290,1,168000,2652.0,1,0,0
7472,1,184000,2204.0,1,0,1
7000,1,124000,2050.0,0,0,1
11717,1,185000,2884.0,1,0,0
11194,1,230500,3342.0,1,0,0
11250,1,227000,2993.0,1,0,1
8633,1,173500,2214.0,1,0,1
8400,1,140000,1731.0,1,0,1
10037,1,247000,2920.0,1,0,1
8014,1,149900,1490.0,1,0,1
12250,1,158000,2038.0,1,1,1
2403,1,147110,1610.0,1,0,1
8600,1,119500,2156.0,1,0,0
13680,1,205000,2407.0,1,1,1
10800,1,148000,2270.0,0,0,0
5389,1,236500,3211.0,1,0,1
10890,1,137000,2609.0,1,0,1
9768,1,122000,1920.0,1,0,1
8993,1,176485,2604.0,1,0,0
11672,1,109000,1632.0,1,0,0
9763,1,330000,3004.0,1,0,1
9836,0,143000,1325.0,1,0,1
10557,1,410000,4486.0,1,0,1
8462,1,201000,2649.0,1,0,1
10818,1,80000,2837.0,1,0,0
7259,1,259500,3348.0,1,0,1
11800,1,279900,3608.0,1,0,1
7500,1,154000,2492.0,1,0,1
6488,0,128000,1949.0,1,0,1
14230,1,256300,3166.0,1,1,0
7810,1,188000,2685.0,1,0,1
14331,1,312500,3600.0,1,1,1
3182,1,151000,1800.0,1,0,0
1920,1,122500,2130.0,1,0,1
10110,1,188000,2531.0,1,0,1
10984,1,209700,2754.0,1,0,0
14082,1,441929,4454.0,1,1,1
8480,1,163000,2566.0,1,0,1
12205,1,187500,2919.0,1,1,1
15750,1,220000,2975.0,1,1,1
8050,1,127000,2056.0,1,0,1
7200,1,107500,827.0,1,0,0
6300,1,128000,2226.0,0,0,0
5232,0,73000,1444.0,1,0,0
11846,1,374000,3584.0,1,0,1
16900,1,421250,4128.0,1,1,1
9636,1,178000,2401.0,1,0,0
10012,1,137500,2319.0,1,0,1
14303,1,301500,3973.0,1,1,1
5707,1,105000,1825.0,1,0,0
9360,1,157500,1952.0,1,0,1
5680,0,117000,2183.0,1,0,0
7000,1,105000,1728.0,1,0,1
10480,1,115000,2230.0,1,0,0
11578,1,360000,3472.0,1,0,0
7018,1,118858,1535.0,1,0,0
9130,1,173000,2432.0,1,0,1
10800,1,78500,1355.0,1,0,0
8244,1,183500,2560.0,1,0,0
6000,0,93000,1872.0,1,0,0
3621,1,226500,2995.0,1,0,1
7837,1,178000,2370.0,1,0,0
10665,1,226000,2932.0,1,0,1
10457,1,173000,2416.0,1,0,1
8281,1,62383,1728.0,1,0,1
14948,1,446261,4165.0,1,1,1
7000,1,160000,2103.0,1,0,1
3940,1,219990,2969.0,1,0,1
9382,1,191000,2947.0,1,0,0
6854,0,136500,1816.0,1,0,1
11515,0,80000,943.0,1,0,0
13837,1,229000,3387.0,1,1,1
9938,1,236000,2999.0,1,0,1
12633,1,392000,3648.0,1,1,0
6876,1,149000,2650.0,1,0,1
3951,1,345000,3363.0,1,0,1
9856,1,169000,2730.0,1,0,0
17808,0,109900,1726.0,1,1,0
9627,1,188000,2996.0,1,0,1
6000,1,132500,2192.0,1,0,0
9757,1,143000,1980.0,1,0,1
9280,1,125000,2684.0,1,0,1
14780,1,415000,3736.0,1,1,1
7740,1,125500,1985.0,1,0,0
9600,1,139000,2872.0,1,0,1
13478,1,451950,4018.0,1,1,1
10926,1,119900,3356.0,0,0,0
6853,1,220000,2563.0,1,0,1
10667,1,167300,3174.0,1,0,1
8212,1,122000,2018.0,1,0,1
9100,1,125000,3456.0,1,0,1
6000,1,112500,1856.0,1,0,1
9316,1,191000,2674.0,1,0,0
9464,1,136000,2160.0,1,0,1
10400,1,197900,2645.0,1,0,0
5310,1,117000,2120.0,1,0,0
7406,1,194000,2419.0,1,0,1
4538,1,285000,2620.0,1,0,1
10106,1,127500,1999.0,0,0,1
13346,1,268000,3390.0,1,1,1
9639,1,137000,2873.0,1,0,0
15387,1,215000,3240.0,1,1,1
10050,1,129500,2432.0,1,0,1
6240,1,115000,2240.0,1,0,0
7506,1,114000,1906.0,1,0,0
8900,1,107000,2112.0,1,0,1
8480,1,118500,2048.0,1,0,1
6000,1,120000,2020.0,1,0,0
8847,1,260000,3076.0,1,0,1
8050,1,136000,2286.0,1,0,1
8294,1,123000,1730.0,1,0,0
7920,1,89500,1725.0,0,0,0
18494,1,199500,2648.0,1,1,0
7162,1,109900,1780.0,1,0,0
10918,1,234000,3356.0,1,0,0
4435,1,155900,1696.0,1,0,1
11250,1,161500,2892.0,1,0,0
14375,1,137500,2163.0,1,1,1
9045,0,76500,3096.0,0,0,0
10029,1,211000,3211.0,1,0,1
4060,1,181000,2742.0,1,0,1
9020,1,174900,2292.0,1,0,1
11777,1,164500,2484.0,1,0,1
10171,1,214000,3052.0,1,0,1
10400,1,185000,2782.0,1,0,0
6240,1,123000,1840.0,1,0,1
12150,1,183500,2300.0,1,1,1
2645,1,174000,2217.0,1,0,0
22692,1,130000,2703.0,1,1,1
9600,1,178000,2369.0,1,0,1
13830,1,189900,2557.0,1,1,1
4435,1,144000,1696.0,1,0,1
5890,1,120500,1632.0,1,0,1
10859,1,145000,2194.0,1,0,0
5330,1,251000,3146.0,1,0,1
10778,0,136500,3536.0,0,0,0
6845,0,82500,1152.0,0,0,0
21780,0,57625,810.0,1,1,0
10307,1,212500,2708.0,1,0,1
4500,1,164000,2432.0,1,0,1
9060,1,139000,2605.0,1,0,0
2160,1,160000,1852.0,1,0,1
7669,1,149000,1711.0,1,0,1
9858,1,130000,1738.0,1,0,1
10300,1,140000,2286.0,1,0,0
8125,1,264500,3672.0,1,0,0
14850,1,141000,2184.0,1,1,1
4274,1,199900,2482.0,1,0,1
9650,1,167900,2684.0,1,0,1
14585,1,181900,2573.0,1,1,1
9000,1,262500,3132.0,1,0,1
13774,1,230000,3196.0,1,1,1
5119,1,328900,3407.0,1,0,1
9254,1,232698,3442.0,1,0,1
10324,1,221800,2508.0,1,0,1
8375,1,152400,1926.0,1,0,1
9750,1,213000,3260.0,1,0,0
7632,1,184900,2369.0,1,0,0
15750,1,157000,2501.0,1,1,1
9240,1,144000,2075.0,1,0,1
10400,1,192350,2612.0,1,0,1
8800,1,163500,2374.0,1,0,1
11839,1,262280,3804.0,1,0,1
9135,1,214000,3072.0,1,0,1
14115,1,230000,2884.0,1,1,1
14154,1,280000,3235.0,1,1,0
6565,1,140000,2146.0,1,0,1
7700,1,155000,2595.0,1,0,0
4761,0,64500,2040.0,0,0,0
12361,1,218000,2748.0,1,1,1
9720,1,160000,2004.0,1,0,1
8640,1,208900,2676.0,1,0,1
47007,1,284700,3820.0,1,1,0
3180,1,146000,2081.0,1,0,0
14963,1,245500,2548.0,1,1,1
5000,1,113000,2005.0,1,0,0
16870,1,296000,3564.0,1,1,1
14157,1,377426,3844.0,1,1,1
12456,1,337500,3418.0,1,1,1
14836,1,552000,4984.0,1,1,1
6956,1,97900,1560.0,1,0,0
7862,1,208300,2436.0,1,0,1
11050,1,213000,2730.0,1,0,0
8924,1,188000,2604.0,1,0,0
9610,1,162000,2457.0,1,0,1
13710,1,152000,2468.0,1,1,1
12552,1,254900,2938.0,1,1,1
14565,1,189000,2489.0,1,1,1
18559,1,235000,4112.0,1,1,1
10880,0,125000,2328.0,1,0,1
2280,1,120000,1672.0,1,0,0
31250,1,81500,1600.0,1,1,0
11841,1,118500,1632.0,0,0,1
9187,1,370878,3532.0,1,0,1
6270,0,145000,3003.0,1,0,1
15660,1,311500,2752.0,1,1,1
3087,1,210250,2584.0,1,0,1
13450,1,200000,2777.0,1,1,1
10125,1,126000,1734.0,1,0,0
8146,1,114000,1444.0,1,0,0
9600,1,87500,2187.0,1,0,0
12328,1,349265,3690.0,1,1,1
10141,1,203000,3024.0,1,0,1
8529,1,189000,2888.0,1,0,1
8127,1,209000,2465.0,1,0,1
8400,1,160000,2924.0,1,0,0
10751,1,129000,2074.0,1,0,1
10010,1,170000,2778.0,1,0,1
4280,0,90350,1134.0,1,0,1
9600,0,79000,1668.0,0,0,0
9800,1,149900,1788.0,1,0,1
7560,1,123000,1728.0,1,0,1
9600,0,87000,2869.0,1,0,0
9880,1,171000,2214.0,1,0,1
9600,1,119000,2284.0,1,0,1
7931,1,132500,2296.0,1,0,1
5100,1,161000,2254.0,1,0,0
9720,1,274000,3304.0,1,0,1
8521,1,125000,1824.0,1,0,1
8741,0,98500,2390.0,0,0,0
12461,1,262000,3248.0,1,1,1
6950,1,134900,1828.0,1,0,1
16905,1,170000,2678.0,1,1,1
7155,1,135000,2147.0,1,0,0
9205,1,290000,3613.0,1,0,1
7697,1,173500,2504.0,1,0,0
7800,1,225000,2904.0,1,0,1
14357,1,140500,2051.0,1,1,1
8775,1,126000,1980.0,1,0,1
2645,1,170000,2546.0,1,0,1
13568,1,156000,1980.0,1,1,1
16321,1,207500,3084.0,1,1,1
8640,1,255000,2688.0,1,0,1
1596,1,94900,1450.0,1,0,1
7315,1,140000,2340.0,1,0,1
7614,1,96900,2114.0,1,0,0
11000,1,154000,2308.0,1,0,1
10337,0,184900,2497.0,1,0,0
14803,1,385000,4162.0,1,1,1
8765,0,106500,1902.0,1,0,1
12720,1,327000,4142.0,1,1,1
11128,1,468000,4948.0,1,0,1
5160,1,135000,2870.0,1,0,0
13072,1,142500,2282.0,1,1,0
8814,1,141000,2196.0,1,0,1
7000,1,107500,2464.0,0,0,1
4484,0,108500,1954.0,1,0,1
9019,1,150000,1956.0,1,0,1
8520,0,78000,1152.0,0,0,0
11932,1,235128,3160.0,1,0,0
14330,1,163000,2422.0,1,1,1
8777,0,84900,640.0,1,0,0
2308,1,147000,2177.0,1,0,1
2500,1,155000,2736.0,1,0,1
8049,1,180000,2648.0,1,0,1
5600,0,55000,1092.0,0,0,0
9590,1,187500,2014.0,1,0,1
7200,1,125000,2166.0,1,0,1
11500,1,250000,3074.0,1,0,1
6756,0,78000,1380.0,1,0,0
11426,1,118000,2314.0,0,0,0
12030,1,318000,3388.0,1,1,0
9554,1,215000,2688.0,1,0,1
8534,0,72000,1104.0,0,0,0
11361,1,180000,2716.0,1,0,1
12416,1,184000,3257.0,1,1,1
9600,1,124500,2082.0,1,0,1
8267,1,135000,3208.0,1,0,0
6000,1,164900,2653.0,1,0,1
9600,1,140000,2328.0,1,0,0
7350,1,128000,2082.0,1,0,0
7703,1,153000,1484.0,1,0,1
4347,1,127500,2405.0,1,0,0
9600,1,141500,1909.0,1,0,1
12256,1,325000,4085.0,1,1,1
9547,1,188500,3188.0,1,0,0
7200,1,185000,2524.0,1,0,1
13072,1,146000,2350.0,0,1,1
3600,1,119000,1912.0,1,0,0
1680,1,112000,1932.0,1,0,0
3316,1,197000,2494.0,1,0,1
16387,1,412083,4327.0,1,1,1
13265,1,271000,3257.0,1,1,1
3242,1,200000,2810.0,1,0,1
8991,1,174000,2552.0,1,0,1
8000,1,156500,2754.0,1,0,1
9303,1,204000,2628.0,1,0,1
8544,1,149350,2456.0,1,0,0
11425,1,137000,2016.0,1,0,1
11404,1,222500,3184.0,1,0,1
8229,1,166000,2256.0,1,0,0
4485,1,109500,1872.0,0,0,1
15635,1,122000,1383.0,1,1,0
3153,1,99900,1934.0,1,0,0
11096,1,249700,3312.0,1,0,1
14000,1,158500,2244.0,1,1,0
7733,1,139500,2284.0,0,0,1
8098,1,202000,2784.0,1,0,1
8393,1,145000,3338.0,1,0,1
12900,1,108959,2456.0,1,1,1
57200,1,160000,2434.0,1,1,1
8078,1,128600,3120.0,1,0,0
12384,1,197900,2728.0,1,1,0
9927,1,172000,2130.0,1,0,1
16300,1,130000,1783.0,1,1,1
7915,1,195000,3341.0,1,0,1
21750,1,113000,1976.0,1,1,0
9116,1,209000,2982.0,1,0,0
14419,1,213500,3124.0,1,1,1
13070,1,126000,1743.0,1,1,1
9855,1,127500,3125.0,1,0,0
8118,1,334000,3420.0,1,0,1
10920,1,157000,2506.0,1,0,1
6600,1,125500,1728.0,1,0,1
8199,1,189000,2184.0,1,0,1
9947,1,173000,2405.0,1,0,1
14330,1,260000,4394.0,1,1,1
10769,1,212000,2634.0,1,0,1
8846,1,148000,1784.0,1,0,1
10600,1,136300,2308.0,1,0,0
18890,1,190000,3981.0,1,1,1
9142,0,139500,2424.0,1,0,0
7750,1,162000,1980.0,1,0,0
6060,1,100000,1855.0,1,0,0
10172,1,126500,1738.0,1,0,1
10380,1,301000,4232.0,1,0,1
9337,1,204750,2610.0,1,0,1
7200,0,90000,1040.0,1,0,0
9600,1,130000,3323.0,1,0,1
8640,1,155000,2670.0,1,0,1
7931,1,155000,2538.0,1,0,1
11625,1,131500,2078.0,1,0,1
9600,1,153000,2676.0,1,0,1
11478,1,306000,3408.0,1,0,1
7740,1,332200,3372.0,1,0,1
9520,1,293077,3284.0,1,0,1
17199,1,128000,1828.0,1,1,1
5400,1,152000,2765.0,1,0,1
10800,0,135000,1912.0,0,0,0
9900,1,117500,3218.0,1,0,0
6000,1,127500,2141.0,1,0,1
17778,1,373000,4958.0,1,1,1
1477,1,98000,1638.0,0,0,1
19645,1,203135,2075.0,1,1,1
8750,1,191000,2596.0,1,0,0
7785,1,98000,1014.0,1,0,0
10800,1,179000,2400.0,0,0,1
9139,1,245000,2854.0,1,0,1
10140,1,213250,3330.0,1,0,1
10122,0,89900,869.0,1,0,0
10141,1,185000,2550.0,1,0,0
2205,1,113500,1617.0,1,0,1
10914,0,68000,1430.0,1,0,0
9196,1,201000,3120.0,1,0,0
9803,1,226700,2634.0,1,0,1
17169,1,500067,4610.0,1,1,1
9171,1,201490,2446.0,1,0,0
9750,1,155000,1980.0,1,0,1
8604,1,145000,1882.0,1,0,1
6155,1,128000,1973.0,1,0,0
9487,1,187000,2605.0,1,0,1
3675,1,145500,1619.0,1,0,1
10200,0,75000,1144.0,1,0,0
11750,1,217000,3092.0,1,0,1
11896,1,220000,2682.0,1,0,1
10400,1,165150,2522.0,1,0,1
10970,1,147000,1966.0,1,0,1
11883,1,203000,3008.0,1,0,1
10552,1,165500,3098.0,1,0,1
8248,0,67000,1728.0,0,0,1
9760,1,187000,2673.0,1,0,1
2998,1,180000,2268.0,1,0,1
6821,1,146500,1949.0,1,0,1
11354,1,270000,3346.0,1,0,1
9069,1,147000,1932.0,1,0,1
8064,1,132000,2040.0,1,0,1
5400,1,105000,2214.0,1,0,1
5687,0,135900,2496.0,0,0,1
53504,1,538000,4929.0,1,1,1
7500,1,147000,2286.0,0,0,0
13173,1,325000,3304.0,1,1,1
9488,0,124000,2100.0,1,0,0
13526,1,137000,1870.0,1,1,1
10410,1,142900,2626.0,1,0,0
12000,1,147000,2046.0,1,0,1
7830,1,128000,2360.0,1,0,0
8850,1,144000,2505.0,1,0,0
7132,1,205000,2740.0,1,0,1
9937,1,167000,2972.0,1,0,1
5720,1,66500,1807.0,1,0,0
12585,1,315000,4085.0,1,1,1
11103,1,155835,2184.0,1,0,0
8013,1,239500,3321.0,1,0,1
10872,1,300000,3035.0,1,0,1
11305,1,282000,3844.0,1,0,1
9100,1,120000,2288.0,1,0,0
39104,1,241500,2748.0,1,1,1
10110,1,336860,3724.0,1,0,1
9786,0,91000,2084.0,1,0,0
5330,1,207500,3100.0,1,0,0
3811,1,250000,3240.0,1,0,1
3010,1,167240,2496.0,1,0,1
3435,1,178000,2480.0,1,0,1
10800,1,127000,2104.0,1,0,1
10456,1,218500,3658.0,1,0,1
8475,1,135750,1904.0,1,0,1
8197,1,214000,2960.0,1,0,1
10994,1,257000,3688.0,1,0,1
6000,1,157000,2322.0,1,0,1
7288,0,102000,1952.0,1,0,1
13360,1,163500,1840.0,1,1,1
10335,1,204000,2991.0,1,0,1
11767,1,103500,2710.0,1,0,1
10896,1,200000,4320.0,0,0,1
5400,1,118000,1728.0,1,0,1
9100,1,235000,3050.0,1,0,1
7728,1,132500,2296.0,1,0,1
8778,1,221300,3132.0,1,0,0
8487,1,190000,3000.0,1,0,1
9930,1,222000,2588.0,1,0,1
17500,1,335000,3804.0,1,1,1
10206,1,257500,3272.0,1,0,0
14587,1,264132,3004.0,1,1,0
7800,1,130000,1763.0,1,0,1
4960,1,137000,1951.0,1,0,0
7392,1,99500,1432.0,1,0,0
7424,1,160250,2692.0,1,0,1
2522,1,130000,2679.0,1,0,0
3672,1,75200,1632.0,1,0,0
7706,1,131250,1475.0,1,0,1
12929,1,148000,2162.0,1,1,1
9316,1,124100,2044.0,1,0,1
12122,1,178400,1943.0,1,1,1
7711,1,150000,2880.0,0,0,1
12352,1,217000,2606.0,1,1,1
12447,1,252000,3064.0,1,1,0
7500,1,152000,2282.0,1,0,1
6120,1,132000,1686.0,1,0,0
9576,1,120000,1952.0,1,0,1
9942,1,338500,3697.0,1,0,1
7898,1,105000,1561.0,1,0,0
21872,1,175000,2175.0,1,1,1
10005,1,192000,3182.0,1,0,1
12393,1,195000,2795.0,1,1,0
9000,1,210000,2358.0,1,0,0
7875,1,211000,2795.0,1,0,0
6000,1,128000,1996.0,1,0,1
10175,1,180500,2850.0,1,0,1
13600,0,90000,2999.0,1,1,0
12172,1,138500,1730.0,1,1,1
10237,1,169985,2230.0,1,0,0
7000,1,146000,2300.0,1,0,1
11228,1,228000,3177.0,1,0,1
8000,1,159000,2512.0,1,0,1
10728,1,266000,3034.0,1,0,0
6000,1,139000,2382.0,1,0,0
6931,0,91900,1568.0,0,0,1
8760,1,212999,2989.0,1,0,1
16033,1,326000,3683.0,1,1,1
9024,1,179000,2304.0,1,0,0
11563,1,294000,3055.0,1,0,1
1680,1,97000,1470.0,1,0,1
8760,1,239799,3353.0,1,0,1
9600,1,161000,2684.0,1,0,1
4435,1,136500,1696.0,1,0,1
1680,1,118000,1470.0,1,0,1
7599,1,129500,1690.0,1,0,1
7264,0,205000,2500.0,1,0,0
32668,1,200624,4550.0,1,1,1
11825,1,322400,3388.0,1,0,0
10200,1,293200,3180.0,1,0,1
8849,1,266000,3368.0,1,0,1
11184,1,172500,2601.0,1,0,1
8820,1,124900,2837.0,1,0,1
6615,0,149000,2454.0,1,0,0
8773,1,185500,2828.0,1,0,1
11088,1,220000,2706.0,1,0,1
9158,1,225000,2992.0,1,0,0
8280,1,124000,1864.0,1,0,0
8544,0,92900,1040.0,1,0,0
8635,1,126500,2144.0,1,0,1
12735,1,111250,1728.0,1,1,1
11000,1,248000,3254.0,1,0,0
7590,1,136870,2234.0,1,0,0
4435,1,133000,1696.0,1,0,1
10152,1,135000,2096.0,1,0,1
10295,1,111900,1872.0,1,0,1
7763,1,140000,2214.0,1,0,1
17120,1,134432,1588.0,1,1,0
13870,1,455000,3784.0,1,1,1
10120,1,290000,3691.0,1,0,1
10820,1,235500,2861.0,1,0,1
9600,1,156500,2196.0,1,0,1
8121,1,172400,2617.0,1,0,0
11639,1,182000,2856.0,1,0,0
13758,1,372397,3584.0,1,1,1
9771,1,260000,3891.0,1,0,1
9000,0,72000,1429.0,0,0,0
10320,0,82375,1880.0,0,0,0
10448,1,158000,2808.0,1,0,0
8635,1,127000,1957.0,1,0,1
11980,1,270000,2866.0,1,0,1
12327,1,316600,3628.0,1,1,1
11512,1,177000,2376.0,1,0,1
14684,1,271900,4354.0,1,1,1
2665,1,115000,1568.0,1,0,0
5250,0,122000,2837.0,0,0,1
18044,1,315000,3005.0,1,1,0
9245,1,213500,2736.0,1,0,0
7200,1,109500,1040.0,1,0,0
6000,1,115000,1578.0,1,0,1
3628,1,176400,2286.0,1,0,0
9156,1,185750,2978.0,1,0,0
9066,1,230000,2856.0,1,0,1
6410,1,90000,1920.0,0,0,0
7244,1,129500,1536.0,1,0,1
10152,1,153000,2248.0,1,0,1
3000,1,173733,1836.0,1,0,1
7500,1,146000,2200.0,0,0,0
17360,1,172500,2338.0,1,1,1
15957,1,188000,2600.0,1,1,1
9600,1,181500,2524.0,1,0,1
10667,1,212000,2460.0,1,0,1
10530,1,188900,2802.0,1,0,0
5000,0,64500,1332.0,0,0,1
17082,1,230000,3098.0,1,1,1
16287,1,122000,2252.0,1,1,1
11050,1,133500,2010.0,1,0,1
10440,1,256000,4302.0,1,0,1
2665,1,129500,2025.0,1,0,1
10389,1,318000,3956.0,1,0,1
9658,1,255900,3204.0,1,0,0
7500,1,143500,2316.0,0,0,0
14122,1,259000,3644.0,1,1,1
21000,1,217000,4068.0,1,1,1
8737,1,210000,2700.0,1,0,1
8750,1,148500,2004.0,1,0,1
8499,1,156932,2028.0,1,0,0
11072,1,145000,3456.0,1,0,0
6762,1,200000,2572.0,1,0,1
15431,1,450000,4040.0,1,1,1
3230,1,172500,2200.0,1,0,1
10800,1,240000,4136.0,1,0,1
11143,1,340000,4046.0,1,0,0
8925,1,201000,2932.0,1,0,1
10356,1,122000,1938.0,1,0,1
12299,1,213000,3193.0,1,1,1
9900,1,175000,3371.0,1,0,1
6762,1,195400,2416.0,1,0,1
11625,1,113500,2104.0,1,0,1
6435,1,140200,2549.0,1,0,0
8450,1,116000,1791.0,1,0,1
11577,1,359900,3676.0,1,0,1
8340,1,157500,2063.0,1,0,1
10708,1,190000,3484.0,1,0,1
6911,1,100000,2446.0,1,0,1
8800,1,160000,2502.0,1,0,1
10739,1,203000,2875.0,1,0,1
9572,1,302000,4263.0,1,0,1
8012,1,143000,1846.0,1,0,1
16226,1,267000,3480.0,1,1,1
10899,0,103000,1224.0,1,0,0
4500,1,153500,2574.0,1,0,1
16647,1,171000,3091.0,1,1,1
8707,0,107000,2762.0,1,0,0
8300,1,128500,1904.0,1,0,1
9770,1,116000,1844.0,1,0,1
17400,1,160000,2252.0,1,1,1
5070,1,180000,2560.0,1,0,0
7920,1,133000,1828.0,1,0,1
7020,1,215000,2656.0,1,0,1
7500,1,177500,2265.0,1,0,1
10612,1,215000,3058.0,1,0,1
6120,1,150000,2534.0,1,0,1
12376,1,320000,4895.0,1,1,1
10004,1,167000,3032.0,1,0,1
8250,0,125000,1032.0,1,0,0
12205,1,65000,2036.0,0,1,0
11175,1,200141,2632.0,1,0,0
9965,1,235876,3056.0,1,0,0
8660,0,123000,2616.0,1,0,0
12375,1,137500,2228.0,1,1,1
8070,1,123600,1980.0,0,0,1
8658,1,160000,2412.0,1,0,1
8063,1,181000,2614.0,1,0,0
8235,1,125000,1650.0,1,0,1
11700,1,154000,2283.0,1,0,1
12961,1,231000,2949.0,1,1,1
8450,1,142000,2112.0,1,0,1
22950,1,475000,4143.0,1,1,0
5748,1,375000,3351.0,1,0,1
10500,1,115000,1728.0,0,0,1
7500,1,185000,2442.0,1,0,1
10042,1,108500,1525.0,1,0,1
2544,1,147400,1743.0,1,0,0
3768,1,156000,2143.0,1,0,1
10320,1,120000,2188.0,1,0,0
9734,1,167000,1758.0,1,0,1
3182,1,191000,2850.0,1,0,1
8872,1,161500,1768.0,1,0,0
12198,1,130000,2615.0,1,1,1
8480,1,132500,1940.0,1,0,1
10200,1,144000,1768.0,1,0,1
9555,1,141000,2233.0,1,0,0
7200,1,117000,1260.0,1,0,1
6780,0,84500,1040.0,0,0,1
53227,1,256000,3027.0,1,1,1
9100,1,117500,1850.0,1,0,1
9600,1,160000,2036.0,1,0,1
14175,1,187000,2615.0,1,1,1
14277,1,350000,3702.0,1,1,1
9000,1,133000,2688.0,1,0,0
13693,1,417500,4882.0,1,1,1
3635,1,175900,2955.0,1,0,1
10933,1,323262,3235.0,1,0,1
8450,1,185000,2674.0,1,0,1
8550,1,129800,1632.0,1,0,1
12182,1,220000,3082.0,1,1,1
6120,1,133000,2457.0,1,0,0
10800,1,133500,2293.0,1,0,0
12760,1,170000,4006.0,1,1,0
7655,1,168000,2545.0,1,0,0
10560,1,140750,2208.0,1,0,1
7500,1,204000,3237.0,1,0,0
9505,1,222500,2919.0,1,0,0
10205,1,134500,1924.0,1,0,1
4379,1,214000,2756.0,1,0,1
7800,1,119900,1911.0,1,0,1
12108,0,118000,2880.0,0,1,1
7000,1,135000,2144.0,1,0,1
13053,1,207000,2681.0,1,1,0
8400,1,136500,2875.0,1,0,1
6000,1,107900,1802.0,1,0,0
6240,1,126000,2270.0,1,0,1
31770,1,215000,2736.0,1,1,1
12474,1,426000,4014.0,1,1,1
9600,1,147000,2226.0,1,0,1
8574,1,147500,2048.0,1,0,0
14418,1,383000,3900.0,1,1,1
10400,1,241500,3717.0,1,0,1
15564,1,147500,1940.0,1,1,0
13543,1,355000,3668.0,1,1,1
6130,1,109500,1568.0,0,0,1
5925,0,45000,612.0,1,0,0
24090,1,244400,3435.0,1,1,0
9600,1,167000,3060.0,1,0,1
8158,1,200000,2589.0,1,0,0
5220,1,80000,1709.0,1,0,0
8172,1,115000,1728.0,1,0,1
9000,1,139000,2392.0,1,0,1
7844,1,149500,2072.0,1,0,1
9084,1,108000,2265.0,1,0,0
10800,0,106250,1294.0,0,0,0
8556,1,194000,2480.0,1,0,0
9100,1,129500,1976.0,1,0,1
8668,1,126000,3120.0,1,0,0
11767,1,120000,2446.0,1,0,1
8400,1,213000,2957.0,1,0,1
3874,1,190000,2452.0,1,0,1
8076,1,183500,2329.0,1,0,1
10090,1,172000,2376.0,1,0,1
8877,1,100000,1632.0,1,0,1
11058,1,218836,3128.0,1,0,1
10800,0,163000,2394.0,1,0,0
10936,1,206580,3035.0,1,0,0
8461,1,163990,2184.0,1,0,0
7518,1,116500,1726.0,1,0,0
8010,1,188000,2560.0,1,0,0
10050,1,175000,2073.0,1,0,1
4740,1,182000,2345.0,1,0,1
6978,1,103000,1810.0,1,0,0
11400,1,466500,5266.0,1,0,1
9240,1,149500,1976.0,1,0,1
2304,1,142500,2116.0,1,0,1
7223,1,136500,2712.0,1,0,1
3612,1,137000,1950.0,1,0,1
12680,1,226500,3363.0,1,1,1
10176,1,171500,2641.0,1,0,1
10780,1,132500,1865.0,1,0,1
8544,0,87500,1040.0,1,0,0
10646,1,223000,2647.0,1,0,1
8400,1,174000,2856.0,1,0,0
15428,1,142000,1768.0,1,1,1
11216,1,232600,2978.0,1,0,0
10140,1,181000,2349.0,1,0,1
3964,1,151400,3463.0,1,0,1
11428,1,250000,3260.0,1,0,0
10421,1,196500,2694.0,1,0,1
13500,1,185000,3273.0,1,1,0
9000,1,113000,2432.0,1,0,1
8089,1,392000,2838.0,1,0,1
9400,1,127500,1925.0,0,0,1
2117,1,177000,2329.0,1,0,1
10625,1,265000,3601.0,1,0,0
8413,1,312500,3582.0,1,0,1
13500,1,325000,4012.0,1,1,0
15676,1,275000,4028.0,1,1,1
9950,1,290000,3723.0,1,0,1
15410,1,169000,2702.0,1,1,1
6000,1,89000,1232.0,1,0,1
8402,1,180400,2254.0,1,0,0
10655,1,284000,4835.0,1,0,1
10150,1,114500,1824.0,1,0,1
10084,1,212900,3104.0,1,0,1
16285,1,187100,2843.0,1,1,0
3230,1,176000,2187.0,1,0,1
21579,1,215000,2976.0,1,1,1
8320,1,185900,2352.0,1,0,1
6960,1,120500,1728.0,1,0,1
21930,1,192140,2570.0,1,1,0
6600,1,130500,1632.0,1,0,1
8405,0,98000,1529.0,1,0,0
11778,1,475000,4547.0,1,0,1
8967,1,67000,2038.0,1,0,0
10562,1,325624,3743.0,1,0,1
12864,1,245000,2818.0,1,1,1
13695,1,159000,2228.0,1,1,1
10289,1,156000,2146.0,1,0,1
15431,1,555000,5496.0,1,1,1
11120,1,162500,2464.0,1,0,1
9069,1,224500,2784.0,1,0,1
47280,1,133000,2976.0,1,1,0
7875,1,180000,2292.0,1,0,0
6600,1,134500,1690.0,1,0,1
13682,1,438780,4355.0,1,1,0
9150,1,165000,2530.0,1,0,1
7150,1,100000,1784.0,1,0,1
12285,1,176000,2658.0,1,1,1
17920,1,170000,3542.0,1,1,1
3684,1,174000,2928.0,1,0,0
7006,1,127000,2004.0,1,0,1
8390,1,185900,2482.0,1,0,0
5784,1,91300,1076.0,1,0,0
9135,1,200000,3382.0,1,0,1
10496,1,143000,2886.0,1,0,1
13650,1,172500,2972.0,1,1,1
8308,1,110000,2176.0,1,0,1
9450,1,140000,2402.0,1,0,1
9317,1,176432,2628.0,1,0,1
7153,1,179200,2572.0,1,0,1
8814,1,203000,2548.0,1,0,1
9849,1,248328,3378.0,1,0,0
14463,1,316500,3282.0,1,1,1
5190,1,125600,1649.0,1,0,0
9750,1,110000,1968.0,1,0,1
6000,1,108500,1920.0,1,0,1
8712,0,55993,1584.0,1,0,0
11851,1,129000,2660.0,1,0,1
13811,1,176000,2249.0,1,1,1
10143,1,154000,2760.0,1,0,1
18265,1,180000,2512.0,1,1,1
4224,1,134000,2284.0,1,0,1
12615,1,243000,3360.0,1,1,1
14536,1,270000,3245.0,1,1,1
9187,1,134000,2164.0,1,0,1
9900,1,260000,3993.0,1,0,1
8333,1,168675,2229.0,1,0,0
10147,1,160000,2086.0,1,0,1
5914,1,95000,1764.0,0,0,0
11646,1,173000,2126.0,1,0,0
7200,1,187750,2594.0,1,0,0
20544,1,215000,2884.0,1,1,0
9981,1,120000,2146.0,1,0,1
8251,1,249000,3000.0,1,0,1
10140,1,164500,2668.0,1,0,1
8239,1,230000,1295.0,1,0,0
5700,0,140000,2016.0,1,0,1
7200,1,118900,1464.0,1,0,1
9178,1,239900,2936.0,1,0,0
4043,1,146300,2138.0,1,0,1
4224,1,124000,2080.0,1,0,1
11235,1,130000,1924.0,1,0,1
8450,1,179000,2698.0,1,0,0
11851,1,180500,2866.0,1,0,0
4608,1,80000,1494.0,1,0,0
9262,1,287090,3151.0,1,0,0
12702,1,97000,882.0,1,1,0
2938,1,246990,2879.0,1,0,1
18160,1,154204,2430.0,1,1,1
11355,1,186000,2624.0,1,0,1
1680,1,111750,1932.0,1,0,1
14300,1,500000,5542.0,1,1,1
10616,1,177439,1984.0,1,0,0
11308,1,335000,3288.0,1,0,1
10480,1,205000,2767.0,1,0,1
5118,1,212000,2633.0,1,0,1
3811,1,246000,3240.0,1,0,1
10825,1,181900,2520.0,1,0,1
5500,1,130000,1852.0,1,0,1
9600,1,132000,1696.0,1,0,0
9317,1,220000,2737.0,1,0,1
11838,1,236500,3541.0,1,0,0
8004,1,263435,2767.0,1,0,1
6876,1,141000,2544.0,1,0,0
8396,1,213000,2833.0,1,0,0
9803,1,179781,2428.0,1,0,0
6240,1,234250,2684.0,1,0,1
15498,1,287000,4463.0,1,1,1
12891,1,257500,2874.0,1,1,1
6180,0,102000,1946.0,1,0,0
7449,1,139400,1745.0,1,0,0
10410,1,105000,1886.0,1,0,0
15865,1,268000,4434.0,1,1,1
19690,1,274970,2898.0,1,1,0
3182,1,180000,2440.0,1,0,1
9600,1,161000,2067.0,1,0,1
11100,1,84900,930.0,1,0,0
13587,1,119000,1976.0,1,1,1
11447,1,370000,3928.0,1,0,1
7242,1,175900,2540.0,1,0,0
7018,1,142953,2240.0,1,0,0
9466,1,279700,2988.0,1,0,1
8400,1,132000,2543.0,1,0,1
11050,1,313000,3593.0,1,0,1
11040,1,108000,1973.0,1,0,1
6931,1,165400,2402.0,1,0,0
12438,1,187000,2280.0,1,1,0
15138,1,403000,4256.0,1,1,1
12046,1,195000,2878.0,1,1,1
9600,1,158500,2472.0,1,0,1
11367,1,255000,3054.0,1,0,1
26073,1,236500,3796.0,1,1,1
7150,1,129250,1976.0,1,0,1
15602,1,289000,3302.0,1,1,1
10260,1,100000,1872.0,1,0,0
12728,1,275000,3970.0,1,1,1
11690,1,207000,2614.0,1,0,0
9230,1,146000,2064.0,1,0,1
1890,1,116000,1524.0,1,0,1
9375,1,219500,3091.0,1,0,1
3480,1,173000,2810.0,1,0,0
17140,1,135000,2363.0,1,1,1
8749,1,213000,2911.0,1,0,1
11375,1,150000,2266.0,1,0,1
3922,1,194201,2660.0,1,0,0
3182,1,181000,2850.0,1,0,1
9750,1,157900,2884.0,1,0,1
13426,1,217000,2730.0,1,1,1
10574,1,252000,3035.0,1,0,0
8726,1,197000,2781.0,1,0,0
7984,1,189500,2498.0,1,0,0
8248,1,116000,1936.0,1,0,0
9790,1,143000,2656.0,1,0,1
7200,1,119000,1864.0,1,0,1
7200,1,127500,2132.0,1,0,1
8125,1,200825,2574.0,1,0,0
8088,0,35000,996.0,1,0,0
12511,1,292500,4260.0,1,1,1
1869,1,106000,1470.0,1,0,1
9259,0,85000,1416.0,1,0,0
16770,1,286500,3424.0,1,1,1
4043,1,127500,2138.0,1,0,1
9000,1,210400,2670.0,1,0,0
12677,1,274000,3036.0,1,1,1
12852,1,264966,2700.0,1,1,1
10320,1,50000,2141.0,1,0,0
10800,1,139000,2338.0,1,0,1
19522,1,300000,3726.0,1,1,1
13860,1,345000,4656.0,1,1,1
11927,1,228000,3148.0,1,0,1
11950,1,165500,1778.0,1,0,0
9906,0,107000,2014.0,1,0,0
4923,1,286000,3186.0,1,0,1
7879,0,34900,1440.0,0,0,1
7800,1,115000,1824.0,1,0,1
3196,1,215000,2729.0,1,0,0
9928,1,179900,2616.0,1,0,0
6820,1,212000,2990.0,1,0,1
13128,1,250000,3138.0,1,1,0
6240,1,149000,2618.0,1,0,0
8000,1,188000,2431.0,1,0,1
10410,1,99800,1426.0,1,0,0
10800,1,159500,3272.0,1,0,0
13300,1,184500,1758.0,1,1,1
9588,1,276000,4056.0,1,0,0
2308,1,155000,2352.0,1,0,1
13383,1,160000,2592.0,1,1,1
9350,1,157500,2160.0,1,0,1
9892,1,285000,3482.0,1,0,1
8777,1,145900,3472.0,0,0,1
10541,1,229000,2709.0,1,0,0
10284,1,128500,2432.0,1,0,1
9660,1,286000,3020.0,1,0,1
10179,1,189500,2553.0,1,0,1
9533,1,102900,1210.0,1,0,0
5830,1,128500,2600.0,1,0,1
12099,1,156000,2432.0,1,1,1
12665,1,281213,3576.0,1,1,0
27650,1,242000,2654.0,1,1,1
17600,1,157500,2956.0,1,1,1
7162,1,196500,2520.0,1,0,0
8685,1,193000,2850.0,1,0,1
6240,1,132000,1994.0,1,0,1
6451,1,139900,2140.0,1,0,1
8760,1,148000,2388.0,1,0,0
12568,1,281500,2713.0,1,1,1
13069,1,342000,4662.0,1,1,0
11080,1,148000,2338.0,1,0,1
10759,1,140000,2642.0,1,0,1
8973,1,150000,2061.0,1,0,1
10990,1,279500,3189.0,1,0,1
3675,1,140000,1619.0,1,0,1
8385,1,145000,3328.0,1,0,0
5858,1,184000,2742.0,1,0,1
3880,1,206000,2452.0,1,0,1
1504,1,85500,1638.0,1,0,1
11988,1,188700,2375.0,1,0,1
10928,1,200000,3098.0,1,0,1
10778,1,162000,2115.0,1,0,1
10200,1,108000,1344.0,1,0,0
9373,1,213000,3242.0,1,0,1
12085,1,318000,3468.0,1,1,1
8100,0,106000,2987.0,1,0,0
19950,1,235000,2681.0,1,1,0
9320,1,128950,2175.0,0,0,1
10197,1,163000,2724.0,1,0,1
8160,0,126000,1890.0,1,0,1
11426,1,200000,3444.0,1,0,0
11344,1,144000,2398.0,1,0,1
8000,0,141000,3600.0,0,0,0
11002,1,322500,3971.0,1,0,1
12137,1,224900,3310.0,1,1,0
21384,1,223500,2900.0,1,1,1
8926,1,112000,1632.0,1,0,0
8702,1,187500,2530.0,1,0,1
10020,0,61000,1587.0,0,0,1
12354,1,110000,1880.0,1,1,0
4130,1,52000,999.0,0,0,0
6289,1,207000,2724.0,1,0,1
8525,0,130000,2904.0,0,0,0
10791,1,90000,1296.0,1,0,0
10429,1,130000,1911.0,1,0,1
7438,1,127000,1756.0,1,0,0
11670,1,320000,3810.0,1,0,0
10800,1,120000,2250.0,1,0,1
11920,1,181000,2490.0,1,0,0
9450,1,110000,1788.0,1,0,1
7627,0,94550,2301.0,0,0,0
5900,1,85500,1309.0,0,0,0
9129,1,153500,1931.0,1,0,1
13680,1,139600,1733.0,1,1,0
9600,1,143000,3136.0,1,0,0
14720,1,410000,5271.0,1,1,1
8750,1,200000,2700.0,1,0,1
7130,1,130000,1728.0,1,0,1
9350,1,154400,2386.0,1,0,1
8963,1,299800,3857.0,1,0,1
9780,0,63000,1697.0,1,0,0
5805,1,143000,2694.0,1,0,1
8243,1,137500,1928.0,1,0,1
12227,1,272000,4202.0,1,1,1
9248,1,173000,2325.0,1,0,1
20270,1,245000,3048.0,1,1,1
7200,1,140000,1872.0,1,0,1
9965,1,383970,3960.0,1,0,1
16012,1,125000,2436.0,1,1,1
8445,1,133000,1536.0,1,0,1
9612,1,244600,2936.0,1,0,0
10180,1,139000,1956.0,1,0,1
7584,1,112900,2072.0,1,0,1
4800,0,111000,2040.0,1,0,0
11900,1,166000,2784.0,1,0,1
7399,1,239000,2925.0,1,0,1
8940,1,209200,2688.0,1,0,1
12243,1,175000,2968.0,1,1,1
12878,1,269500,3520.0,1,1,1
12460,1,225000,3359.0,1,1,1
6563,1,275000,3484.0,1,0,1
9492,1,105000,2144.0,1,0,1
13400,1,159950,2110.0,1,1,1
10410,1,135000,2172.0,1,0,0
14333,1,345474,4230.0,1,1,1
6000,1,102000,2016.0,0,0,0
20693,1,198000,3392.0,1,1,1
10800,1,339750,3112.0,1,0,1
10800,1,170000,2262.0,1,0,1
7200,1,94000,1752.0,1,0,1
8581,1,203160,2588.0,1,0,0
10625,1,291000,3314.0,1,0,1
8068,1,200000,3277.0,1,0,0
8917,1,119000,3168.0,1,0,0
5000,0,39300,334.0,0,0,0
3636,0,55000,1592.0,0,0,0
7500,1,205000,2764.0,1,0,0
1680,1,108000,1617.0,1,0,1
25000,1,143000,3264.0,1,1,0
15863,1,197000,3509.0,1,1,1
8125,1,205950,2478.0,1,0,0
11700,1,175000,2445.0,1,0,1
8010,1,301000,3102.0,1,0,1
5001,1,230000,2628.0,1,0,1
3136,1,171750,2810.0,1,0,0
5400,1,120000,1958.0,0,0,0
6120,1,110000,2065.0,1,0,0
11479,1,144500,1737.0,1,0,1
9457,1,155000,2347.0,1,0,1
11340,1,125000,2400.0,1,0,0
7200,1,156500,2250.0,1,0,0
8471,1,151000,1718.0,1,0,1
10454,1,135000,2210.0,1,0,1
1484,1,79400,1638.0,1,0,1
6904,1,213000,2716.0,1,0,1
14191,1,202900,2875.0,1,1,0
9531,1,211000,2590.0,1,0,1
8513,0,130000,3600.0,0,0,0
6171,1,137450,2584.0,1,0,1
9991,1,150000,2901.0,1,0,1
9084,0,95000,1727.0,1,0,1
2280,1,179400,2245.0,1,0,1
10411,1,212109,2313.0,1,0,0
8500,1,98600,2470.0,1,0,1
17541,1,216000,1734.0,1,1,1
9545,1,300000,3394.0,1,0,1
14000,1,328000,3566.0,1,1,1
10500,1,139000,1481.0,1,0,1
13050,1,164000,2000.0,1,1,1
1782,1,123900,1561.0,1,0,1
7207,1,116500,1716.0,0,0,1
10943,1,177000,2742.0,1,0,1
4330,1,99500,2123.0,1,0,1
11660,1,174190,2652.0,1,0,0
3180,1,151000,1720.0,1,0,0
4435,1,143750,1696.0,1,0,1
7689,1,131900,1592.0,1,0,1
8286,1,157000,2148.0,1,0,1
10690,1,147000,2016.0,1,0,1
7795,1,188500,2148.0,1,0,1
7052,1,185850,2728.0,1,0,1
9308,1,126000,1968.0,1,0,1
8125,1,118000,1728.0,1,0,1
8035,1,319900,3224.0,1,0,1
7937,1,142500,2006.0,1,0,1
9600,1,129900,2400.0,1,0,1
6955,1,202500,2736.0,1,0,0
21370,1,131000,1640.0,1,1,0
10126,1,185000,3676.0,1,0,1
2364,1,138000,2311.0,1,0,1
3600,0,114504,2052.0,1,0,0
8741,1,113000,2222.0,1,0,1
5436,1,125500,1950.0,1,0,1
14149,1,165000,2000.0,1,1,1
5000,0,79000,1980.0,1,0,0
2544,1,152000,1836.0,1,0,1
5000,1,159000,2668.0,1,0,1
12493,1,141000,2200.0,1,1,1
10368,1,167000,2496.0,1,0,1
6360,1,132000,2288.0,1,0,1
10357,1,179900,2352.0,1,0,1
9819,1,122000,1782.0,1,0,1
7936,1,127000,2090.0,1,0,1
8773,1,190000,2906.0,1,0,1
11235,1,158450,2872.0,1,0,1
12886,1,175000,1984.0,1,1,1
14892,1,377500,3492.0,1,1,1
6240,1,138400,2464.0,1,0,1
11645,1,260000,3468.0,1,0,1
14977,1,440000,3952.0,1,1,1
9100,1,178000,2424.0,1,0,0
8400,1,138500,2104.0,1,0,1
7420,1,132000,2114.0,1,0,1
9525,1,149900,2609.0,1,0,1
7425,1,108000,2340.0,1,0,0
7990,1,110000,1848.0,1,0,0
1300,1,124000,1790.0,1,0,1
5500,1,103200,1764.0,0,0,0
3606,1,194000,2704.0,1,0,1
8978,1,108000,1896.0,1,0,0
9079,1,122000,1728.0,1,0,1
1700,1,148400,1990.0,1,0,1
9571,1,60000,2552.0,1,0,0
9938,1,226500,3228.0,1,0,1
9000,0,35311,960.0,1,0,1
7840,1,127500,1988.0,0,0,1
12395,1,137500,1753.0,1,1,1
9638,1,147000,2146.0,1,0,1
13418,1,309000,3569.0,1,1,0
17597,1,315000,4168.0,1,1,1
8872,1,147000,1824.0,1,0,1
3982,1,264561,3087.0,1,0,1
7134,1,130000,1744.0,1,0,1
2117,1,177000,2281.0,1,0,1
8155,1,119000,1980.0,0,0,0
5500,1,157000,2146.0,1,0,1
11553,1,158000,2210.0,1,0,1
7150,1,115000,2730.0,1,0,1
6285,1,120750,1788.0,1,0,1
7500,1,216000,2488.0,1,0,1
2001,1,75000,1638.0,1,0,0
19508,1,192000,2860.0,1,1,1
7176,1,160500,2000.0,1,0,1
10652,1,279500,2988.0,1,0,0
11235,1,148000,2056.0,1,0,1
10265,1,145000,1984.0,1,0,1
14541,1,310000,3858.0,1,1,1
10184,1,165000,2229.0,1,0,1
46589,1,402000,4077.0,1,1,1
10625,1,250000,2984.0,1,0,0
1470,1,73000,1260.0,0,0,1
9000,1,136000,2688.0,0,0,0
5911,1,282500,3125.0,1,0,1
8987,1,221500,3190.0,1,0,0
17871,1,170000,3360.0,1,1,0
11500,1,163000,2080.0,1,0,1
12257,1,290000,3849.0,1,1,1
9044,1,330000,3863.0,1,0,1
1680,1,111000,1470.0,1,0,1
9468,1,214000,2595.0,1,0,1
9373,1,137500,2304.0,1,0,1
7000,1,240900,2810.0,1,0,1
10186,1,190000,2673.0,1,0,1
11664,1,250000,3180.0,1,0,1
10768,1,218000,2874.0,1,0,1
10530,1,255000,3223.0,1,0,1
14859,1,240000,3340.0,1,1,0
10481,1,360000,4280.0,1,0,0
9350,1,179900,2484.0,1,0,1
18030,1,200500,4205.0,0,1,1
5925,0,37900,1568.0,0,0,0
6718,1,180500,2579.0,1,0,1
11855,1,269500,3955.0,1,0,1
12394,1,225000,2580.0,1,1,0
7000,1,141000,1935.0,1,0,1
10367,1,335000,3482.0,1,0,1
15240,1,150000,2052.0,1,1,1
50271,1,385000,3684.0,1,1,1
13600,1,205000,2754.0,1,1,1
6762,1,206000,2395.0,1,0,1
8500,1,179600,2844.0,1,0,0
8877,1,102000,2056.0,1,0,1
15611,1,175000,2252.0,1,1,1
13300,1,159000,2399.0,1,1,1
6500,1,135000,2254.0,1,0,1
9525,1,136900,2849.0,1,0,1
6993,1,135000,2148.0,1,0,1
9430,1,337000,3617.0,1,0,1
11029,1,250000,3708.0,1,0,1
14311,1,306000,3576.0,1,1,1
10800,1,179000,2400.0,0,0,1
3604,1,146000,2081.0,1,0,0
10320,1,161000,3318.0,1,0,1
10603,1,205000,3220.0,1,0,1
4084,1,241500,2778.0,1,0,1
7943,1,118500,2058.0,1,0,1
6930,1,130000,2414.0,1,0,1
7200,1,130000,1880.0,1,0,0
16052,1,535000,4548.0,1,1,1
7150,1,123000,1824.0,1,0,1
6012,0,82000,1152.0,0,0,0
5350,1,132000,2074.0,1,0,1
5400,1,108480,2146.0,1,0,0
9535,1,165000,2634.0,1,0,1
7441,1,181000,2947.0,1,0,0
15400,1,165000,2067.0,1,1,0
10544,1,161000,2343.0,1,0,1
10936,1,199000,3008.0,1,0,0
11316,1,214900,2711.0,1,0,1
8640,1,198600,2556.0,1,0,1
12090,1,258000,3404.0,1,1,0
7939,1,269500,3955.0,1,0,1
7750,1,176000,2121.0,1,0,0
9350,1,158000,2604.0,1,0,1
7750,1,184100,1827.0,1,0,1
13001,1,170000,2845.0,1,1,1
13607,1,208000,2554.0,1,1,1
4435,1,140000,1696.0,1,0,1
3843,1,230000,3244.0,1,0,1
5950,1,188500,2674.0,1,0,1
12400,1,194000,2618.0,1,1,1
10425,1,133000,2208.0,1,0,1
16269,1,140000,1814.0,1,1,1
8998,1,207500,2434.0,1,0,1
10400,1,256900,3572.0,1,0,0
10134,1,109000,1769.0,1,0,0
7007,1,113722,1513.0,1,0,0
11645,1,237000,2996.0,1,0,1
8250,1,142100,2106.0,1,0,1
11027,1,149900,2471.0,1,0,1
12350,1,404000,4040.0,1,1,1
18275,1,277500,3886.0,1,1,1
9206,1,178000,2473.0,1,0,0
6240,1,254000,2648.0,1,0,1
9656,0,12789,1510.0,1,0,0
7875,1,176000,2490.0,1,0,0
16259,1,342643,3845.0,1,1,0
6173,1,125500,1778.0,1,0,1
12890,1,150000,2990.0,1,1,0
10440,1,261329,3158.0,1,0,0
7500,1,141000,2160.0,0,0,1
9532,1,153000,2752.0,1,0,1
3922,1,172500,2516.0,1,0,0
8730,1,153575,2094.0,1,0,0
6060,1,124900,1838.0,1,0,1
14450,1,415298,4242.0,1,1,0
5400,1,119000,2016.0,1,0,0
10000,1,227000,3176.0,1,0,0
10007,1,145500,2106.0,1,0,1
7830,1,61500,984.0,1,0,1
11727,1,192100,3702.0,1,0,0
10320,1,116000,2101.0,1,0,1
10482,1,145000,1726.0,1,0,1
15274,1,445000,4904.0,1,1,1
8800,1,150500,2080.0,1,0,1
10000,1,175900,2418.0,1,0,0
10140,1,167900,2232.0,1,0,1
14054,1,219210,2742.0,1,1,0
11218,1,189000,2900.0,1,0,0
8856,1,136500,2352.0,1,0,1
7800,1,137900,1756.0,1,0,1
7200,0,85000,2044.0,1,0,1
10680,0,137900,4272.0,1,0,1
9535,1,195500,2530.0,1,0,1
6858,0,128000,2453.0,1,0,0
8100,1,135000,1728.0,1,0,1
9216,1,143195,2152.0,1,0,1
9100,1,79500,1521.0,1,0,0
12774,1,192500,2498.0,1,1,0
6000,1,129500,2096.0,1,0,1
10364,1,168000,2378.0,1,0,0
6000,1,105000,2081.0,1,0,1
10530,1,143250,1962.0,1,0,1
9525,1,144000,2198.0,1,0,0
8880,1,205000,3058.0,1,0,1
8410,1,143000,1996.0,1,0,1
4385,1,290000,2838.0,1,0,1
12919,1,611657,4694.0,1,1,1
12464,1,152000,2080.0,1,1,1
5005,1,191500,2560.0,1,0,1
9591,1,317000,3616.0,1,0,0
6960,1,165250,1982.0,1,0,1
9825,1,123000,2184.0,1,0,1
14175,1,185000,2176.0,1,1,1
7400,1,120000,2090.0,1,0,1
10738,1,158500,2186.0,1,0,1
8366,1,173000,2438.0,1,0,0
9842,1,101800,1224.0,1,0,0
7200,1,155000,1695.0,1,0,1
10230,1,125000,2132.0,1,0,0
8626,1,104500,968.0,1,0,0
8834,1,350000,3686.0,1,0,1
8544,0,93500,1040.0,1,0,0
9179,1,193000,2663.0,1,0,1
11526,1,191000,2759.0,1,0,0
5684,1,110000,1626.0,1,0,0
11885,1,261500,3171.0,1,0,1
9600,1,128900,2100.0,1,0,1
17242,1,584500,5233.0,1,1,1
10215,1,111000,1812.0,1,0,1
8550,1,90000,2066.0,1,0,0
18450,1,129000,3401.0,1,1,1
14778,1,224000,2936.0,1,1,1
3180,1,165000,1800.0,1,0,1
3068,1,122000,1986.0,1,0,0
8298,1,267300,3110.0,1,0,1
13518,1,485000,5066.0,1,1,0
33120,1,220000,4081.0,1,1,0
13142,1,215700,2635.0,1,1,1
11362,1,280000,3672.0,1,0,1
10845,1,284000,3178.0,1,0,1
1936,1,84500,1260.0,0,0,1
9760,1,192000,2790.0,1,0,1
3960,0,105000,1506.0,1,0,0
9100,1,216837,3696.0,1,0,1
9600,1,141500,2792.0,1,0,1
9764,1,130000,1788.0,1,0,1
8430,1,124000,2080.0,0,0,1
9060,1,150909,2687.0,0,0,1
12778,1,139500,2016.0,1,1,1
8172,1,79275,1728.0,1,0,1
9037,1,265900,2960.0,1,0,1
6292,0,91000,1558.0,1,0,1
11900,1,185000,3056.0,1,0,1
7945,1,141000,2300.0,1,0,1
16659,1,260116,3734.0,1,1,0
9340,1,113000,1344.0,1,0,1
11454,1,225000,2912.0,1,0,1
8480,1,113000,1586.0,1,0,1
6305,1,125200,2104.0,1,0,1
9709,1,319500,3018.0,1,0,1
10930,1,140000,2471.0,1,0,1
50102,1,250764,3282.0,1,1,1
8899,1,250000,3036.0,1,0,1
10237,1,176000,2304.0,1,0,0
9736,1,174850,3052.0,1,0,1
2364,1,147000,2352.0,1,0,1
7892,1,99500,1836.0,1,0,0
12350,1,398800,4055.0,1,1,1
7917,1,175000,2600.0,1,0,0
7200,1,109500,1650.0,1,0,0
12155,1,163500,3314.0,1,1,1
7446,1,100000,1576.0,0,0,1
11025,1,334000,4160.0,1,0,1
7832,1,137250,1728.0,1,0,1
19378,1,320000,3854.0,1,1,1
9830,1,162000,2350.0,1,0,1
4403,1,222000,2948.0,1,0,1
8174,1,178000,2040.0,1,0,1
7200,1,119000,1592.0,1,0,1
7590,1,169500,2676.0,1,0,1
8795,1,236000,3208.0,1,0,1
3843,1,294464,3244.0,1,0,1
11075,1,206900,3064.0,1,0,1
10142,1,233000,3040.0,1,0,1
7741,0,108000,2064.0,1,0,1
8139,1,165000,2150.0,1,0,1
8982,1,134900,2080.0,1,0,1
6120,1,113000,1768.0,1,0,0
16561,1,147900,2194.0,1,1,1
4060,1,99900,1728.0,0,0,0
2308,1,143000,2311.0,1,0,1
6240,1,114500,1632.0,1,0,0
8789,1,129200,1853.0,1,0,1
5587,1,392500,3252.0,1,0,1
9042,1,266500,3492.0,1,0,1
8923,1,177500,1766.0,1,0,1
12518,1,139500,2016.0,1,1,1
11069,1,170000,2004.0,1,0,0
8800,1,224500,2999.0,1,0,1
13262,1,290000,3482.0,1,1,0
7758,1,169500,2858.0,1,0,1
12118,1,240000,3420.0,1,1,0
9600,1,144000,2228.0,1,0,1
9500,1,165000,2793.0,1,0,1
7175,1,145000,2664.0,1,0,0
11200,1,114000,2548.0,1,0,0
14226,1,395000,3908.0,1,1,0
2760,1,105500,1617.0,1,0,0
11050,1,254900,2965.0,1,0,1
7200,1,102000,2102.0,1,0,1
12420,1,230000,2784.0,1,1,1
6120,1,137500,2452.0,1,0,0
7111,1,138000,2151.0,1,0,1
19255,1,156500,1858.0,1,1,1
8120,1,124500,1728.0,1,0,1
11952,1,190000,2777.0,1,0,0
3182,1,159895,2532.0,1,0,0
9842,1,189000,3213.0,1,0,0
8020,0,124000,1824.0,0,0,1
11341,1,121500,2784.0,1,0,1
12436,1,146000,3648.0,1,1,0
12192,1,235000,2751.0,1,1,1
3842,1,300000,3240.0,1,0,1
1936,1,90500,1638.0,0,0,0
13101,1,142600,3456.0,1,1,1
9808,1,227000,3146.0,1,0,1
8145,1,205000,3400.0,1,0,1
17227,1,246900,2682.0,1,1,1
5280,0,89000,1534.0,1,0,0
11792,0,64000,1864.0,1,0,0
3876,1,170000,2452.0,1,0,1
13891,1,582933,4556.0,1,1,0
6000,1,110500,2206.0,1,0,1
8240,1,110000,2358.0,1,0,0
9405,1,118000,1396.0,0,0,0
10625,1,284000,3044.0,1,0,1
9247,1,171000,2574.0,1,0,1
10628,1,193000,2647.0,1,0,0
11000,1,135000,2268.0,1,0,1
9399,1,167000,2454.0,1,0,0
7200,1,105000,1440.0,1,0,0
10264,1,214000,3176.0,1,0,1
13215,1,279000,3334.0,1,1,1
10530,1,184500,2550.0,1,0,1
6000,1,120000,1832.0,1,0,1
7703,1,171500,2546.0,1,0,1
4251,1,164700,1875.0,1,0,0
12128,1,209000,3427.0,1,1,1
3072,1,225000,2913.0,1,0,1
8410,1,81000,1842.0,0,0,0
15218,1,336820,3340.0,1,1,1
14364,1,277000,3219.0,1,1,1
8680,1,117600,1788.0,1,0,0
9600,1,140000,2524.0,1,0,1
11778,1,395039,3517.0,1,0,1
15810,1,181755,2264.0,1,1,0
11024,1,186800,2800.0,1,0,0
8970,1,177500,2884.0,1,0,1
10800,1,64500,1624.0,1,0,0
4835,1,260000,2976.0,1,0,1
3710,1,185485,2532.0,1,0,0
6120,1,105000,1590.0,1,0,1
9600,1,187000,2383.0,1,0,0
14145,1,202500,2829.0,1,1,1
9926,1,245700,3228.0,1,0,1
8012,1,128000,1896.0,1,0,0
10240,1,275500,3128.0,1,0,0
10762,1,225000,2961.0,1,0,1
8000,1,138000,1711.0,1,0,1
1680,1,88000,1617.0,1,0,0
13693,1,380000,4796.0,1,1,0
10625,1,256000,3320.0,1,0,0
7200,1,134800,1800.0,1,0,1
1612,1,121000,1790.0,1,0,0
10207,1,227875,2635.0,1,0,0
10475,1,245350,3388.0,1,0,0
5976,0,93500,1872.0,0,0,0
10625,0,83000,1293.0,1,0,1
53107,1,240000,3533.0,1,1,1
5680,0,113000,1765.0,1,0,0
12400,1,155000,2430.0,1,1,1
6768,1,142000,1824.0,1,0,1
6000,1,119000,1788.0,1,0,0
12508,1,160000,2733.0,1,1,1
7415,1,193000,2432.0,1,0,1
11762,1,263000,3307.0,1,0,1
8767,1,164990,2620.0,1,0,1
8190,1,119000,1896.0,1,0,1
7500,1,238500,2820.0,1,0,1
70761,1,280000,3066.0,1,1,1
3784,1,193800,3076.0,1,0,1
4224,1,129900,2100.0,1,0,1
9245,1,145000,1980.0,1,0,1
14781,1,275000,3540.0,1,1,0
8544,0,81400,1040.0,1,0,0
7440,1,125000,2178.0,1,0,1
7404,1,80000,1722.0,1,0,0
4853,0,104000,2403.0,1,0,1
10593,1,260400,3440.0,1,0,1
12090,1,176000,2204.0,1,1,1
11677,1,123000,2080.0,1,0,1
11000,1,291000,3691.0,1,0,0
8000,1,132000,1944.0,1,0,1
8029,1,176000,2184.0,1,0,0
13495,1,177625,2776.0,1,1,1
9738,1,104900,2005.0,1,0,1
9272,1,196000,2591.0,1,0,1
7841,1,280000,3154.0,1,0,1
8530,1,168500,1858.0,1,0,0
13041,1,170000,2452.0,1,1,0
43500,1,130000,2034.0,1,1,0
6240,1,150000,2998.0,1,0,1
13015,1,145000,2200.0,1,1,0
9297,1,188000,3456.0,1,0,1
8773,1,169000,2516.0,1,0,0
8536,1,155000,2250.0,1,0,0
4282,1,196000,2782.0,1,0,1
8740,1,219500,2849.0,1,0,1
10237,1,170440,2184.0,1,0,0
7950,1,159500,2116.0,1,0,1
10400,1,174000,2986.0,1,0,0
10628,1,167000,2554.0,1,0,1
2280,1,148500,2311.0,1,0,1
7018,1,147983,2228.0,1,0,0
10762,1,120000,1843.0,1,0,0
7024,1,157000,2180.0,1,0,1
7585,1,91500,2266.0,1,0,0
8777,1,85000,1592.0,0,0,0
9170,1,140000,2428.0,1,0,1
7742,1,127000,1910.0,1,0,1
8791,1,207500,2592.0,1,0,1
19800,1,415000,5508.0,1,1,1
13339,1,193000,3122.0,1,1,1
8125,1,174000,2183.0,1,0,0
11419,1,152500,2226.0,1,0,1
7226,1,183000,2438.0,1,0,0
11100,0,136500,2560.0,1,0,1
12435,1,231500,2755.0,1,1,1
6420,1,123500,2128.0,1,0,1
16466,1,135500,2209.0,1,1,0
6285,1,133500,2004.0,1,0,1
9204,1,124000,2288.0,1,0,1
12011,1,280000,3010.0,1,1,1
14774,1,333168,3992.0,1,1,0
11792,1,270000,3291.0,1,0,1
8064,0,128500,1928.0,1,0,1
7175,1,172000,2796.0,1,0,1
10820,1,130000,1592.0,1,0,1
5381,1,196000,2612.0,1,0,1
5000,0,87000,1523.0,1,0,1
8674,1,128250,2345.0,1,0,1
13175,1,210000,3615.0,1,1,1
11275,1,220000,2845.0,1,0,1
9600,1,128000,2134.0,1,0,1
9000,1,135000,1854.0,1,0,1
9990,1,228500,3369.0,1,0,1
6000,1,134000,1740.0,1,0,1
10533,1,157500,2032.0,1,0,1
11692,1,263550,3405.0,1,0,1
12546,1,182900,2880.0,1,1,1
21695,1,222000,2560.0,1,1,1
9278,1,146000,2184.0,0,0,0
8100,1,153500,3118.0,1,0,1
16737,1,315000,3960.0,1,1,1
9200,1,315000,4100.0,1,0,1
9801,1,257000,3202.0,1,0,0
14137,1,173000,2400.0,1,1,1
14762,1,169000,2267.0,1,1,0
15262,1,382500,4400.0,1,1,1
9742,1,230000,3572.0,1,0,0
8532,1,153000,2594.0,1,0,1
10634,1,123000,1927.0,1,0,1
14753,1,207000,2926.0,1,1,1
18386,1,295000,4963.0,1,1,0
12450,1,149000,2188.0,1,1,1
7851,1,216500,2820.0,1,0,1
5175,1,112000,1616.0,1,0,1
8398,1,134500,1886.0,1,0,1
3710,1,187687,2392.0,1,0,0
7500,1,68400,1826.0,1,0,0
8010,1,143500,1902.0,1,0,1
12800,1,275000,3162.0,1,1,1
11070,1,171000,3866.0,1,0,0
12224,1,244000,3046.0,1,1,1
6953,1,130000,1738.0,1,0,1
11824,1,253000,3370.0,1,0,0
4118,0,52500,1386.0,0,0,0
3907,1,185000,2016.0,1,0,1
8918,1,167800,2235.0,1,0,0
9591,1,274900,3426.0,1,0,1
14115,1,187500,2844.0,1,1,1
9675,1,253000,3084.0,1,0,1
1974,1,105000,1514.0,1,0,1
11475,1,174500,2784.0,1,0,1
21533,1,210900,3114.0,1,1,0
9350,1,127000,1925.0,1,0,1
8198,1,207000,2716.0,1,0,1
13250,1,154000,2882.0,1,1,0
51974,1,591587,4998.0,1,1,1
22136,1,180000,4811.0,1,1,1
8944,1,124000,3168.0,1,0,0
9839,1,204000,2949.0,1,0,1
6292,1,145000,2338.0,1,0,0
9680,1,178900,3020.0,1,0,1
9452,1,348000,3788.0,1,0,1
9144,1,162500,2526.0,1,0,0
8425,1,119900,1636.0,1,0,1
9084,1,176500,2567.0,1,0,0
7420,1,118000,2068.0,1,0,1
7677,1,110000,1546.0,1,0,1
16770,1,221000,3034.0,1,1,0
16545,1,340000,3734.0,1,1,1
11414,0,167500,2747.0,1,0,0
13501,1,255000,3259.0,1,1,1
9434,1,170000,1758.0,1,0,0
3675,1,145000,1619.0,1,0,1
1890,1,81000,1260.0,0,0,1
11029,1,176500,2598.0,1,0,1
10084,1,307000,3380.0,1,0,1
9543,1,190550,2535.0,1,0,0
13005,1,260000,3198.0,1,1,1
2280,1,137500,2110.0,1,0,1
12712,1,147000,2099.0,1,1,1
10000,1,131400,2008.0,1,0,1
10574,1,316000,3480.0,1,0,1
9400,1,139000,2736.0,0,0,0
9802,1,172500,1794.0,1,0,0
13132,1,138887,2531.0,1,1,0
13728,1,235000,3235.0,1,1,1
6600,0,109500,1788.0,1,0,0
10320,1,107000,2026.0,1,0,0
14006,1,192500,2712.0,1,1,0
16635,1,215000,3204.0,1,1,1
8398,1,144100,2576.0,1,0,1
9100,1,127500,1728.0,1,0,1
14171,1,225000,3012.0,1,1,1
13891,1,372402,3420.0,1,1,1
12968,1,144000,1824.0,1,1,1
2280,1,176500,2245.0,1,0,1
7000,1,112000,1927.0,1,0,1
1680,1,100000,1470.0,1,0,1
2217,1,88000,1638.0,1,0,1
11500,1,136905,3360.0,1,0,0
7200,1,97500,1738.0,1,0,1
12366,0,51689,729.0,0,1,0
10721,1,142000,2504.0,1,0,0
10732,1,250000,3126.0,1,0,0
10791,1,243500,3775.0,1,0,1
5122,1,184500,2612.0,1,0,1
9928,1,210000,2932.0,1,0,1
7791,1,129000,1824.0,1,0,1
8154,1,82000,1020.0,1,0,1
10839,1,181000,2530.0,1,0,0
9045,1,167000,2304.0,1,0,0
10852,1,173000,2630.0,1,0,1
8400,1,195800,2395.0,1,0,0
16381,1,223000,3688.0,1,1,1
12304,1,192000,2734.0,1,1,1
11584,1,197000,2264.0,1,0,1
10672,1,298236,3443.0,1,0,0
7230,1,238000,2569.0,1,0,0
8512,1,119000,3112.0,0,0,0
20781,1,262500,3724.0,1,1,1
12633,1,425000,3956.0,1,1,1
8712,1,102776,2037.0,1,0,0
12537,1,149900,2156.0,1,1,1
9620,1,190000,2528.0,1,0,1
3907,1,162500,2382.0,1,0,1
9236,1,217000,2973.0,1,0,1
11600,1,137500,1880.0,1,0,0
10603,1,270000,2695.0,1,0,1
13350,1,142500,1758.0,1,1,1
9200,1,161000,2084.0,1,0,1
1495,1,93900,1638.0,0,0,1
15593,1,225000,3591.0,1,1,1
13688,1,412500,4240.0,1,1,1
8248,0,83000,1828.0,0,0,0
6000,1,128000,1832.0,1,0,1
8453,1,182000,2363.0,1,0,1
12444,1,394617,3864.0,1,1,1
11449,1,298751,3612.0,1,0,1
12342,1,82500,1722.0,1,1,1
7558,1,177000,2809.0,1,0,0
10400,1,144000,2400.0,1,0,1
7500,1,189000,2798.0,1,0,0
